{
    "0": {
        "name": "\u9ec4\u6893\u6797",
        "money": 1499,
        "id": "000000",
        "pass": "123456",
        "phone": "",
        "history": {
            "2024-04-07 20:58:43.718738": "register",
            "2024-04-08 13:39:48.941781": "modify name",
            "2024-04-08 13:48:50.373070": "modify password",
            "2024-04-08 13:49:00.924815": "modify password",
            "2024-04-08 13:56:44.145924": "modify phone",
            "2024-04-12 19:58:36.605574": "withdraw money 5$",
            "2024-04-12 20:12:03.434320": "save money 50$",
            "2024-04-12 20:12:58.652388": "000000Transfer money 50$ to 999999",
            "2024-05-23 21:09:27.228102": "save money 555555555555$",
            "2024-05-24 20:31:10.519448": "withdraw money 555555555000$",
            "2024-05-24 20:31:35.837852": "withdraw money 45$",
            "2024-05-24 20:32:46.437019": "229177 Transfer money 400$ to 000000",
            "2024-05-24 20:41:32.490099": "modify phone",
            "2024-05-24 20:44:05.745900": "modify name",
            "2024-05-24 20:46:29.617066": "modify name",
            "2024-05-29 19:47:27.364621": "query money",
            "2024-05-29 19:51:30.747575": "modify name",
            "2024-06-01 11:14:09.127517": "000000 Transfer money 200$ to 229177",
            "2024-06-01 11:20:37.904269": "query history",
            "2024-06-01 11:21:27.757900": "000000 Transfer money 1$ to 229177",
            "2024-06-08 22:28:40.024629": "query history",
            "2024-10-03 15:54:00.757156": "save money 700$"
        }
    },
    "1": {
        "name": "Apollo",
        "money": 301,
        "id": "229177",
        "pass": "123456",
        "phone": "19820736964",
        "history": {
            "2024-05-24 19:57:24.346249": "register",
            "2024-05-24 19:58:17.089524": "save money 500$",
            "2024-05-24 20:30:29.230706": "withdraw money 20$",
            "2024-05-24 20:31:58.269470": "save money 20$",
            "2024-05-24 20:32:36.219886": "229177 received money 400$ from 000000",
            "2024-05-24 20:43:25.951671": "modify password",
            "2024-06-01 11:14:19.305142": "229177 received money 200$ from 000000",
            "2024-06-01 11:17:54.683233": "query money",
            "2024-06-01 11:21:37.938481": "229177 received money 1$ from 000000"
        }
    },
    "2": {
        "name": "\u9ec4\u6893\u6797",
        "money": 0,
        "id": "434892",
        "pass": "445102",
        "phone": "",
        "history": {
            "2024-06-14 19:06:40.512389": "register"
        }
    },
    "3": {
        "name": "apollo",
        "money": 0,
        "id": "752699",
        "pass": "111111",
        "phone": "",
        "history": {
            "2024-09-28 22:52:06.830694": "register"
        }
    },
    "4": {
        "name": "Apollo",
        "money": 500,
        "id": "377963",
        "pass": "111111",
        "phone": "",
        "history": {
            "2024-10-03 15:48:56.623289": "register",
            "2024-10-03 15:50:01.827361": "save money 500$"
        }
    },
    "5": {
        "name": "",
        "money": 0,
        "id": "872065",
        "pass": "",
        "phone": "",
        "history": {
            "2024-10-03 15:53:01.428327": "register"
        }
    }
}